classe_drenagem;atividade_argila;saturacao_por_bases_ou_por_aluminio;ph_h2o;ataque_sulfurico_sio2_/_al2o3_(ki);carbono_organico;classe_textura;fracoes_amostra_total_calhaus_(g/kg);fracoes_amostra_total_cascalho_(g/kg);fracoes_amostra_total_terra_fina_(g/kg);composicao_granulometrica_terra_fina_areia_grossa_(g/kg);composicao_granulometrica_terra_fina_areia_fina_(g/kg);composicao_granulometrica_terra_fina_areia_total_(g/kg);composicao_granulometrica_terra_fina_silte_(g/kg);composicao_granulometrica_terra_fina_argila_(g/kg);composicao_granulometrica_terra_fina_relacao_silte_argila_(g/kg);composicao_granulometrica_terra_fina_argila_dispersa_em_agua_(g/kg);classe_solos_nivel_1;cor_amostra_seca_X;cor_amostra_seca_Y;cor_amostra_seca_Z;cor_amostra_umida_X;cor_amostra_umida_Y;cor_amostra_umida_Z;cor_amostra_amassada_X;cor_amostra_amassada_Y;cor_amostra_amassada_Z;cor_amostra_seca_triturada_X;cor_amostra_seca_triturada_Y;cor_amostra_seca_triturada_Z
6.0;0.0;1.0;4.5;1.65;1.3;9;0.0;0.0;1000 ;356.0;93.0;449.0;268.0;283.0;0.95;0.0;PLINTOSSOLO;0.154144328582;0.151901622534;0.121247412478;0.0677870429635;0.0639117777;0.0564208523217;0.0677870429635;0.0639117777;0.0564208523217;0.0911803978788;0.0877825624156;0.0579257963996
4.0;1.0;7.0;6.7;4.06;10.7;6;30.0;280.0;690 ;200.0;450.0;650.0;230.0;120.0;1.92;50.0;PLANOSSOLO;0.154144328582;0.151901622534;0.121247412478;0.0677870429635;0.0639117777;0.0564208523217;0.0677870429635;0.0639117777;0.0564208523217;0.0911803978788;0.0877825624156;0.0579257963996
10.0;0.0;4.0;5.5;2.26;104.0;9;0.0;0.0;1000 ;230.0;320.0;550.0;160.0;290.0;0.55;210.0;LATOSSOLO;0.154144328582;0.151901622534;0.121247412478;0.0677870429635;0.0639117777;0.0564208523217;0.0677870429635;0.0639117777;0.0564208523217;0.0911803978788;0.0877825624156;0.0579257963996
10.0;0.0;4.0;5.5;1.74;19.5;1;0.0;0.0;1000 ;110.0;140.0;250.0;200.0;550.0;0.36;280.0;LATOSSOLO;0.154144328582;0.151901622534;0.121247412478;0.0677870429635;0.0639117777;0.0564208523217;0.0677870429635;0.0639117777;0.0564208523217;0.0911803978788;0.0877825624156;0.0579257963996
10.0;0.0;4.0;5.6;1.79;12.6;0;0.0;0.0;1000 ;100.0;120.0;220.0;150.0;630.0;0.24;420.0;LATOSSOLO;0.154144328582;0.151901622534;0.121247412478;0.0677870429635;0.0639117777;0.0564208523217;0.0677870429635;0.0639117777;0.0564208523217;0.0911803978788;0.0877825624156;0.0579257963996
10.0;0.0;4.0;5.5;1.87;19.0;0;0.0;0.0;1000 ;70.0;100.0;170.0;100.0;730.0;0.14;62.0;LATOSSOLO;0.154144328582;0.151901622534;0.121247412478;0.0677870429635;0.0639117777;0.0564208523217;0.0677870429635;0.0639117777;0.0564208523217;0.0911803978788;0.0877825624156;0.0579257963996
10.0;0.0;4.0;5.1;1.86;12.1;0;0.0;0.0;1000 ;50.0;80.0;130.0;70.0;800.0;0.09;61.0;LATOSSOLO;0.154144328582;0.151901622534;0.121247412478;0.0677870429635;0.0639117777;0.0564208523217;0.0677870429635;0.0639117777;0.0564208523217;0.0911803978788;0.0877825624156;0.0579257963996
10.0;0.0;4.0;4.6;1.99;14.6;1;0.0;0.0;1000 ;260.0;140.0;400.0;110.0;490.0;0.22;29.0;LATOSSOLO;0.154144328582;0.151901622534;0.121247412478;0.0677870429635;0.0639117777;0.0564208523217;0.0677870429635;0.0639117777;0.0564208523217;0.0911803978788;0.0877825624156;0.0579257963996
10.0;0.0;4.0;4.5;1.97;5.9;9;0.0;0.0;1000 ;320.0;260.0;580.0;80.0;340.0;0.24;240.0;LATOSSOLO;0.154144328582;0.151901622534;0.121247412478;0.0677870429635;0.0639117777;0.0564208523217;0.0677870429635;0.0639117777;0.0564208523217;0.0911803978788;0.0877825624156;0.0579257963996
10.0;0.0;4.0;5.8;2.06;16.1;9;0.0;0.0;1000 ;320.0;280.0;600.0;100.0;300.0;0.33;180.0;LATOSSOLO;0.154144328582;0.151901622534;0.121247412478;0.0677870429635;0.0639117777;0.0564208523217;0.0677870429635;0.0639117777;0.0564208523217;0.0911803978788;0.0877825624156;0.0579257963996
10.0;0.0;4.0;4.2;1.81;12.4;9;0.0;0.0;1000 ;350.0;250.0;600.0;90.0;310.0;0.29;140.0;LATOSSOLO;0.154144328582;0.151901622534;0.121247412478;0.0677870429635;0.0639117777;0.0564208523217;0.0677870429635;0.0639117777;0.0564208523217;0.0911803978788;0.0877825624156;0.0579257963996
10.0;0.0;4.0;5.4;1.95;5.8;9;0.0;0.0;1000 ;330.0;290.0;620.0;80.0;300.0;0.27;200.0;LATOSSOLO;0.154144328582;0.151901622534;0.121247412478;0.0677870429635;0.0639117777;0.0564208523217;0.0677870429635;0.0639117777;0.0564208523217;0.0911803978788;0.0877825624156;0.0579257963996
10.0;0.0;4.0;5.0;1.92;10.4;9;0.0;0.0;1000 ;440.0;220.0;660.0;90.0;250.0;0.36;140.0;LATOSSOLO;0.154144328582;0.151901622534;0.121247412478;0.0677870429635;0.0639117777;0.0564208523217;0.0677870429635;0.0639117777;0.0564208523217;0.0911803978788;0.0877825624156;0.0579257963996
12.0;0.0;4.0;4.8;1.92;7.0;13;0.0;0.0;1000 ;540.0;150.0;690.0;120.0;190.0;0.63;150.0;LATOSSOLO;0.154144328582;0.151901622534;0.121247412478;0.0677870429635;0.0639117777;0.0564208523217;0.0677870429635;0.0639117777;0.0564208523217;0.0911803978788;0.0877825624156;0.0579257963996
12.0;0.0;4.0;5.3;2.02;7.3;15;0.0;0.0;1000 ;190.0;680.0;870.0;40.0;90.0;0.44;70.0;LATOSSOLO;0.154144328582;0.151901622534;0.121247412478;0.0677870429635;0.0639117777;0.0564208523217;0.0677870429635;0.0639117777;0.0564208523217;0.0911803978788;0.0877825624156;0.0579257963996
12.0;0.0;4.0;5.6;2.33;8.3;15;0.0;0.0;1000 ;410.0;360.0;770.0;60.0;170.0;0.35;120.0;LATOSSOLO;0.154144328582;0.151901622534;0.121247412478;0.0677870429635;0.0639117777;0.0564208523217;0.0677870429635;0.0639117777;0.0564208523217;0.0911803978788;0.0877825624156;0.0579257963996
12.0;0.0;1.0;5.2;2.0;8.4;15;0.0;0.0;1000 ;240.0;600.0;840.0;60.0;100.0;0.6;40.0;LATOSSOLO;0.154144328582;0.151901622534;0.121247412478;0.0677870429635;0.0639117777;0.0564208523217;0.0677870429635;0.0639117777;0.0564208523217;0.0911803978788;0.0877825624156;0.0579257963996
12.0;0.0;1.0;4.4;2.08;3.1;13;0.0;0.0;1000 ;320.0;500.0;820.0;50.0;130.0;0.38;90.0;LATOSSOLO;0.154144328582;0.151901622534;0.121247412478;0.0677870429635;0.0639117777;0.0564208523217;0.0677870429635;0.0639117777;0.0564208523217;0.0911803978788;0.0877825624156;0.0579257963996
12.0;0.0;4.0;4.9;1.93;12.0;15;0.0;0.0;1000 ;470.0;370.0;840.0;50.0;110.0;0.45;60.0;LATOSSOLO;0.154144328582;0.151901622534;0.121247412478;0.0677870429635;0.0639117777;0.0564208523217;0.0677870429635;0.0639117777;0.0564208523217;0.0911803978788;0.0877825624156;0.0579257963996
12.0;0.0;4.0;4.9;1.91;5.8;13;0.0;0.0;1000 ;460.0;350.0;810.0;50.0;140.0;0.36;100.0;LATOSSOLO;0.154144328582;0.151901622534;0.121247412478;0.0677870429635;0.0639117777;0.0564208523217;0.0677870429635;0.0639117777;0.0564208523217;0.0911803978788;0.0877825624156;0.0579257963996
12.0;0.0;4.0;4.1;1.75;8.1;15;0.0;0.0;1000 ;340.0;480.0;820.0;80.0;100.0;0.8;80.0;LATOSSOLO;0.154144328582;0.151901622534;0.121247412478;0.0677870429635;0.0639117777;0.0564208523217;0.0677870429635;0.0639117777;0.0564208523217;0.0911803978788;0.0877825624156;0.0579257963996
12.0;0.0;4.0;3.8;1.74;5.9;13;0.0;0.0;1000 ;340.0;460.0;800.0;70.0;130.0;0.54;80.0;LATOSSOLO;0.154144328582;0.151901622534;0.121247412478;0.0677870429635;0.0639117777;0.0564208523217;0.0677870429635;0.0639117777;0.0564208523217;0.0911803978788;0.0877825624156;0.0579257963996
8.0;0.0;7.0;6.9;4.7;14.0;1;0.0;0.0;1000 ;150.0;60.0;210.0;380.0;410.0;0.93;360.0;NEOSSOLO;0.154144328582;0.151901622534;0.121247412478;0.0677870429635;0.0639117777;0.0564208523217;0.0677870429635;0.0639117777;0.0564208523217;0.0911803978788;0.0877825624156;0.0579257963996
10.0;0.0;4.0;4.7;0.95;20.0;0;0.0;0.0;1000 ;70.0;90.0;160.0;80.0;760.0;0.11;150.0;LATOSSOLO;0.154144328582;0.151901622534;0.121247412478;0.0677870429635;0.0639117777;0.0564208523217;0.0677870429635;0.0639117777;0.0564208523217;0.0911803978788;0.0877825624156;0.0579257963996
10.0;0.0;4.0;4.8;0.96;14.6;0;0.0;0.0;1000 ;60.0;80.0;140.0;70.0;790.0;0.09;10.0;LATOSSOLO;0.154144328582;0.151901622534;0.121247412478;0.0677870429635;0.0639117777;0.0564208523217;0.0677870429635;0.0639117777;0.0564208523217;0.0911803978788;0.0877825624156;0.0579257963996
10.0;0.0;4.0;4.8;0.69;20.1;0;0.0;0.0;1000 ;40.0;50.0;90.0;100.0;810.0;0.12;170.0;LATOSSOLO;0.154144328582;0.151901622534;0.121247412478;0.0677870429635;0.0639117777;0.0564208523217;0.0677870429635;0.0639117777;0.0564208523217;0.0911803978788;0.0877825624156;0.0579257963996
10.0;0.0;4.0;5.0;0.67;17.0;0;0.0;0.0;1000 ;30.0;50.0;80.0;110.0;810.0;0.14;20.0;LATOSSOLO;0.154144328582;0.151901622534;0.121247412478;0.0677870429635;0.0639117777;0.0564208523217;0.0677870429635;0.0639117777;0.0564208523217;0.0911803978788;0.0877825624156;0.0579257963996
10.0;0.0;4.0;4.7;0.75;21.2;0;0.0;0.0;1000 ;40.0;50.0;90.0;120.0;790.0;0.15;230.0;LATOSSOLO;0.154144328582;0.151901622534;0.121247412478;0.0677870429635;0.0639117777;0.0564208523217;0.0677870429635;0.0639117777;0.0564208523217;0.0911803978788;0.0877825624156;0.0579257963996
10.0;0.0;4.0;4.9;0.73;16.1;0;0.0;0.0;1000 ;40.0;50.0;90.0;90.0;820.0;0.11;20.0;LATOSSOLO;0.154144328582;0.151901622534;0.121247412478;0.0677870429635;0.0639117777;0.0564208523217;0.0677870429635;0.0639117777;0.0564208523217;0.0911803978788;0.0877825624156;0.0579257963996
8.0;0.0;1.0;4.8;1.92;13.2;7;0.0;10.0;990 ;200.0;310.0;510.0;140.0;350.0;0.4;280.0;ARGISSOLO;0.154144328582;0.151901622534;0.121247412478;0.0677870429635;0.0639117777;0.0564208523217;0.0677870429635;0.0639117777;0.0564208523217;0.0911803978788;0.0877825624156;0.0579257963996
8.0;0.0;4.0;5.5;2.45;9.9;1;0.0;0.0;1000 ;150.0;150.0;300.0;210.0;490.0;0.43;410.0;ARGISSOLO;0.154144328582;0.151901622534;0.121247412478;0.0677870429635;0.0639117777;0.0564208523217;0.0677870429635;0.0639117777;0.0564208523217;0.0911803978788;0.0877825624156;0.0579257963996
7.0;0.0;4.0;5.5;1.84;13.3;13;0.0;0.0;1000 ;220.0;300.0;520.0;170.0;310.0;0.55;200.0;ARGISSOLO;0.154144328582;0.151901622534;0.121247412478;0.0677870429635;0.0639117777;0.0564208523217;0.0677870429635;0.0639117777;0.0564208523217;0.0911803978788;0.0877825624156;0.0579257963996
7.0;0.0;4.0;5.2;2.25;7.5;9;0.0;0.0;1000 ;240.0;310.0;550.0;170.0;280.0;0.61;200.0;ARGISSOLO;0.154144328582;0.151901622534;0.121247412478;0.0677870429635;0.0639117777;0.0564208523217;0.0677870429635;0.0639117777;0.0564208523217;0.0911803978788;0.0877825624156;0.0579257963996
8.0;0.0;7.0;5.8;1.78;28.4;1;0.0;10.0;990 ;150.0;250.0;400.0;180.0;420.0;0.43;310.0;ARGISSOLO;0.154144328582;0.151901622534;0.121247412478;0.0677870429635;0.0639117777;0.0564208523217;0.0677870429635;0.0639117777;0.0564208523217;0.0911803978788;0.0877825624156;0.0579257963996
8.0;0.0;7.0;5.4;1.67;15.6;1;0.0;0.0;1000 ;150.0;260.0;410.0;190.0;400.0;0.47;290.0;ARGISSOLO;0.154144328582;0.151901622534;0.121247412478;0.0677870429635;0.0639117777;0.0564208523217;0.0677870429635;0.0639117777;0.0564208523217;0.0911803978788;0.0877825624156;0.0579257963996
8.0;0.0;7.0;5.7;2.3;7.6;9;0.0;20.0;980 ;240.0;370.0;610.0;110.0;280.0;0.39;170.0;ARGISSOLO;0.154144328582;0.151901622534;0.121247412478;0.0677870429635;0.0639117777;0.0564208523217;0.0677870429635;0.0639117777;0.0564208523217;0.0911803978788;0.0877825624156;0.0579257963996
8.0;0.0;7.0;5.7;2.07;3.7;9;0.0;10.0;990 ;240.0;340.0;580.0;100.0;320.0;0.31;220.0;ARGISSOLO;0.154144328582;0.151901622534;0.121247412478;0.0677870429635;0.0639117777;0.0564208523217;0.0677870429635;0.0639117777;0.0564208523217;0.0911803978788;0.0877825624156;0.0579257963996
7.0;0.0;1.0;4.8;1.95;7.9;4;0.0;0.0;1000 ;230.0;250.0;480.0;100.0;420.0;0.24;330.0;ARGISSOLO;0.154144328582;0.151901622534;0.121247412478;0.0677870429635;0.0639117777;0.0564208523217;0.0677870429635;0.0639117777;0.0564208523217;0.0911803978788;0.0877825624156;0.0579257963996
6.0;0.0;1.0;5.7;1.79;19.4;4;0.0;0.0;1000 ;140.0;310.0;450.0;160.0;390.0;0.41;270.0;ARGISSOLO;0.154144328582;0.151901622534;0.121247412478;0.0677870429635;0.0639117777;0.0564208523217;0.0677870429635;0.0639117777;0.0564208523217;0.0911803978788;0.0877825624156;0.0579257963996
8.0;0.0;4.0;5.1;1.82;16.2;1;0.0;0.0;1000 ;100.0;240.0;340.0;200.0;460.0;0.43;370.0;ARGISSOLO;0.154144328582;0.151901622534;0.121247412478;0.0677870429635;0.0639117777;0.0564208523217;0.0677870429635;0.0639117777;0.0564208523217;0.0911803978788;0.0877825624156;0.0579257963996
8.0;0.0;4.0;5.0;1.65;10.2;9;0.0;10.0;990 ;140.0;340.0;480.0;190.0;330.0;0.58;230.0;ARGISSOLO;0.154144328582;0.151901622534;0.121247412478;0.0677870429635;0.0639117777;0.0564208523217;0.0677870429635;0.0639117777;0.0564208523217;0.0911803978788;0.0877825624156;0.0579257963996
6.0;0.0;4.0;5.5;1.9;16.3;10;0.0;150.0;850 ;180.0;380.0;560.0;160.0;280.0;0.57;180.0;ARGISSOLO;0.154144328582;0.151901622534;0.121247412478;0.0677870429635;0.0639117777;0.0564208523217;0.0677870429635;0.0639117777;0.0564208523217;0.0911803978788;0.0877825624156;0.0579257963996
8.0;0.0;7.0;5.6;2.0;19.3;1;0.0;30.0;970 ;170.0;150.0;320.0;250.0;430.0;0.58;260.0;ARGISSOLO;0.154144328582;0.151901622534;0.121247412478;0.0677870429635;0.0639117777;0.0564208523217;0.0677870429635;0.0639117777;0.0564208523217;0.0911803978788;0.0877825624156;0.0579257963996
7.0;0.0;7.0;5.6;1.93;11.6;9;0.0;0.0;1000 ;210.0;340.0;550.0;100.0;350.0;0.29;210.0;ARGISSOLO;0.154144328582;0.151901622534;0.121247412478;0.0677870429635;0.0639117777;0.0564208523217;0.0677870429635;0.0639117777;0.0564208523217;0.0911803978788;0.0877825624156;0.0579257963996
6.0;0.0;7.0;5.6;1.81;8.2;9;0.0;10.0;990 ;200.0;350.0;550.0;140.0;310.0;0.45;270.0;NEOSSOLO;0.154144328582;0.151901622534;0.121247412478;0.0677870429635;0.0639117777;0.0564208523217;0.0677870429635;0.0639117777;0.0564208523217;0.0911803978788;0.0877825624156;0.0579257963996
8.0;0.0;7.0;5.7;1.68;2.3;1;0.0;10.0;990 ;120.0;120.0;240.0;230.0;530.0;0.43;410.0;ARGISSOLO;0.154144328582;0.151901622534;0.121247412478;0.0677870429635;0.0639117777;0.0564208523217;0.0677870429635;0.0639117777;0.0564208523217;0.0911803978788;0.0877825624156;0.0579257963996
8.0;0.0;7.0;5.8;1.72;1.58;1;0.0;10.0;990 ;130.0;110.0;240.0;210.0;550.0;0.38;490.0;ARGISSOLO;0.154144328582;0.151901622534;0.121247412478;0.0677870429635;0.0639117777;0.0564208523217;0.0677870429635;0.0639117777;0.0564208523217;0.0911803978788;0.0877825624156;0.0579257963996
12.0;0.0;4.0;6.0;1.86;3.7;17;0.0;30.0;970 ;200.0;700.0;900.0;40.0;60.0;0.67;40.0;LATOSSOLO;0.154144328582;0.151901622534;0.121247412478;0.0677870429635;0.0639117777;0.0564208523217;0.0677870429635;0.0639117777;0.0564208523217;0.0911803978788;0.0877825624156;0.0579257963996
12.0;0.0;4.0;5.3;1.87;2.8;13;0.0;20.0;980 ;140.0;660.0;800.0;50.0;150.0;0.33;140.0;LATOSSOLO;0.154144328582;0.151901622534;0.121247412478;0.0677870429635;0.0639117777;0.0564208523217;0.0677870429635;0.0639117777;0.0564208523217;0.0911803978788;0.0877825624156;0.0579257963996
12.0;0.0;4.0;4.6;1.95;1.8;13;0.0;30.0;970 ;220.0;530.0;750.0;80.0;170.0;0.47;120.0;LATOSSOLO;0.154144328582;0.151901622534;0.121247412478;0.0677870429635;0.0639117777;0.0564208523217;0.0677870429635;0.0639117777;0.0564208523217;0.0911803978788;0.0877825624156;0.0579257963996
12.0;0.0;4.0;4.7;1.95;1.9;9;0.0;30.0;970 ;160.0;560.0;720.0;80.0;200.0;0.4;0.0;LATOSSOLO;0.154144328582;0.151901622534;0.121247412478;0.0677870429635;0.0639117777;0.0564208523217;0.0677870429635;0.0639117777;0.0564208523217;0.0911803978788;0.0877825624156;0.0579257963996
10.0;0.0;7.0;6.8;2.05;15.6;8;0.0;90.0;910 ;110.0;290.0;400.0;210.0;390.0;0.54;240.0;LATOSSOLO;0.154144328582;0.151901622534;0.121247412478;0.0677870429635;0.0639117777;0.0564208523217;0.0677870429635;0.0639117777;0.0564208523217;0.0911803978788;0.0877825624156;0.0579257963996
10.0;0.0;7.0;7.0;2.07;7.2;1;0.0;60.0;940 ;70.0;180.0;250.0;170.0;580.0;0.29;290.0;LATOSSOLO;0.154144328582;0.151901622534;0.121247412478;0.0677870429635;0.0639117777;0.0564208523217;0.0677870429635;0.0639117777;0.0564208523217;0.0911803978788;0.0877825624156;0.0579257963996
10.0;0.0;7.0;6.7;1.67;5.1;1;0.0;50.0;950 ;60.0;160.0;220.0;180.0;600.0;0.3;120.0;LATOSSOLO;0.154144328582;0.151901622534;0.121247412478;0.0677870429635;0.0639117777;0.0564208523217;0.0677870429635;0.0639117777;0.0564208523217;0.0911803978788;0.0877825624156;0.0579257963996
10.0;0.0;7.0;6.5;1.63;2.8;2;0.0;100.0;900 ;60.0;170.0;230.0;180.0;590.0;0.31;0.0;LATOSSOLO;0.154144328582;0.151901622534;0.121247412478;0.0677870429635;0.0639117777;0.0564208523217;0.0677870429635;0.0639117777;0.0564208523217;0.0911803978788;0.0877825624156;0.0579257963996
10.0;0.0;7.0;6.2;1.97;2.6;2;0.0;100.0;900 ;70.0;140.0;210.0;270.0;520.0;0.52;0.0;LATOSSOLO;0.154144328582;0.151901622534;0.121247412478;0.0677870429635;0.0639117777;0.0564208523217;0.0677870429635;0.0639117777;0.0564208523217;0.0911803978788;0.0877825624156;0.0579257963996
5.0;0.0;4.0;5.8;2.41;3.3;17;0.0;60.0;940 ;320.0;540.0;860.0;120.0;20.0;6.0;20.0;ARGISSOLO;0.154144328582;0.151901622534;0.121247412478;0.0677870429635;0.0639117777;0.0564208523217;0.0677870429635;0.0639117777;0.0564208523217;0.0911803978788;0.0877825624156;0.0579257963996
5.0;0.0;4.0;5.3;2.2;1.8;17;0.0;60.0;940 ;270.0;610.0;880.0;90.0;30.0;3.0;30.0;ARGISSOLO;0.154144328582;0.151901622534;0.121247412478;0.0677870429635;0.0639117777;0.0564208523217;0.0677870429635;0.0639117777;0.0564208523217;0.0911803978788;0.0877825624156;0.0579257963996
5.0;0.0;4.0;5.8;2.17;2.1;16;0.0;160.0;840 ;290.0;520.0;810.0;120.0;70.0;1.71;70.0;ARGISSOLO;0.154144328582;0.151901622534;0.121247412478;0.0677870429635;0.0639117777;0.0564208523217;0.0677870429635;0.0639117777;0.0564208523217;0.0911803978788;0.0877825624156;0.0579257963996
5.0;0.0;4.0;5.1;2.11;6.1;17;0.0;30.0;970 ;260.0;620.0;880.0;40.0;80.0;0.5;30.0;ARGISSOLO;0.154144328582;0.151901622534;0.121247412478;0.0677870429635;0.0639117777;0.0564208523217;0.0677870429635;0.0639117777;0.0564208523217;0.0911803978788;0.0877825624156;0.0579257963996
5.0;0.0;4.0;5.0;2.05;2.1;17;0.0;40.0;960 ;270.0;550.0;820.0;60.0;120.0;0.5;60.0;ARGISSOLO;0.154144328582;0.151901622534;0.121247412478;0.0677870429635;0.0639117777;0.0564208523217;0.0677870429635;0.0639117777;0.0564208523217;0.0911803978788;0.0877825624156;0.0579257963996
8.0;0.0;7.0;6.2;2.04;10.8;9;0.0;50.0;950 ;280.0;320.0;600.0;160.0;240.0;0.67;210.0;ARGISSOLO;0.154144328582;0.151901622534;0.121247412478;0.0677870429635;0.0639117777;0.0564208523217;0.0677870429635;0.0639117777;0.0564208523217;0.0911803978788;0.0877825624156;0.0579257963996
8.0;0.0;7.0;6.9;2.18;5.0;10;0.0;70.0;930 ;170.0;490.0;660.0;70.0;270.0;0.26;180.0;ARGISSOLO;0.154144328582;0.151901622534;0.121247412478;0.0677870429635;0.0639117777;0.0564208523217;0.0677870429635;0.0639117777;0.0564208523217;0.0911803978788;0.0877825624156;0.0579257963996
4.0;1.0;7.0;5.3;2.76;2.1;17;0.0;40.0;960 ;350.0;520.0;870.0;90.0;40.0;2.25;30.0;PLANOSSOLO;0.154144328582;0.151901622534;0.121247412478;0.0677870429635;0.0639117777;0.0564208523217;0.0677870429635;0.0639117777;0.0564208523217;0.0911803978788;0.0877825624156;0.0579257963996
4.0;1.0;7.0;6.6;4.04;4.8;6;120.0;350.0;530 ;250.0;330.0;580.0;280.0;140.0;2.0;120.0;PLANOSSOLO;0.154144328582;0.151901622534;0.121247412478;0.0677870429635;0.0639117777;0.0564208523217;0.0677870429635;0.0639117777;0.0564208523217;0.0911803978788;0.0877825624156;0.0579257963996
6.0;1.0;7.0;6.9;2.47;16.7;1;0.0;50.0;950 ;80.0;110.0;190.0;330.0;480.0;0.69;360.0;NEOSSOLO;0.154144328582;0.151901622534;0.121247412478;0.0677870429635;0.0639117777;0.0564208523217;0.0677870429635;0.0639117777;0.0564208523217;0.0911803978788;0.0877825624156;0.0579257963996
6.0;1.0;7.0;6.9;2.38;6.6;2;0.0;70.0;930 ;70.0;150.0;220.0;290.0;490.0;0.59;310.0;NEOSSOLO;0.154144328582;0.151901622534;0.121247412478;0.0677870429635;0.0639117777;0.0564208523217;0.0677870429635;0.0639117777;0.0564208523217;0.0911803978788;0.0877825624156;0.0579257963996
10.0;1.0;7.0;6.5;2.51;5.1;12;10.0;100.0;890 ;340.0;110.0;450.0;420.0;130.0;3.23;80.0;NEOSSOLO;0.154144328582;0.151901622534;0.121247412478;0.0677870429635;0.0639117777;0.0564208523217;0.0677870429635;0.0639117777;0.0564208523217;0.0911803978788;0.0877825624156;0.0579257963996
14.0;0.0;4.0;4.6;2.16;2.0;17;0.0;0.0;1000 ;270.0;660.0;930.0;30.0;40.0;0.75;40.0;NEOSSOLO;0.154144328582;0.151901622534;0.121247412478;0.0677870429635;0.0639117777;0.0564208523217;0.0677870429635;0.0639117777;0.0564208523217;0.0911803978788;0.0877825624156;0.0579257963996
14.0;0.0;4.0;4.6;2.04;0.9;17;0.0;0.0;1000 ;290.0;590.0;880.0;60.0;60.0;1.0;60.0;NEOSSOLO;0.154144328582;0.151901622534;0.121247412478;0.0677870429635;0.0639117777;0.0564208523217;0.0677870429635;0.0639117777;0.0564208523217;0.0911803978788;0.0877825624156;0.0579257963996
6.0;0.0;7.0;5.4;2.24;12.9;9;0.0;40.0;960 ;460.0;80.0;540.0;150.0;310.0;0.48;180.0;ARGISSOLO;0.154144328582;0.151901622534;0.121247412478;0.0677870429635;0.0639117777;0.0564208523217;0.0677870429635;0.0639117777;0.0564208523217;0.0911803978788;0.0877825624156;0.0579257963996
6.0;0.0;7.0;5.6;2.25;10.8;15;0.0;60.0;940 ;250.0;560.0;810.0;110.0;80.0;1.38;50.0;ARGISSOLO;0.154144328582;0.151901622534;0.121247412478;0.0677870429635;0.0639117777;0.0564208523217;0.0677870429635;0.0639117777;0.0564208523217;0.0911803978788;0.0877825624156;0.0579257963996
6.0;0.0;7.0;5.5;2.09;6.2;13;0.0;40.0;960 ;270.0;480.0;750.0;120.0;130.0;0.92;100.0;ARGISSOLO;0.154144328582;0.151901622534;0.121247412478;0.0677870429635;0.0639117777;0.0564208523217;0.0677870429635;0.0639117777;0.0564208523217;0.0911803978788;0.0877825624156;0.0579257963996
6.0;0.0;7.0;5.4;1.87;3.7;4;0.0;20.0;980 ;200.0;280.0;480.0;150.0;370.0;0.41;300.0;ARGISSOLO;0.154144328582;0.151901622534;0.121247412478;0.0677870429635;0.0639117777;0.0564208523217;0.0677870429635;0.0639117777;0.0564208523217;0.0911803978788;0.0877825624156;0.0579257963996
6.0;0.0;7.0;5.5;2.13;6.5;14;0.0;60.0;940 ;420.0;110.0;530.0;310.0;160.0;1.94;80.0;ARGISSOLO;0.154144328582;0.151901622534;0.121247412478;0.0677870429635;0.0639117777;0.0564208523217;0.0677870429635;0.0639117777;0.0564208523217;0.0911803978788;0.0877825624156;0.0579257963996
6.0;0.0;7.0;5.3;2.1;3.4;8;0.0;60.0;940 ;320.0;100.0;420.0;300.0;280.0;1.07;110.0;ARGISSOLO;0.154144328582;0.151901622534;0.121247412478;0.0677870429635;0.0639117777;0.0564208523217;0.0677870429635;0.0639117777;0.0564208523217;0.0911803978788;0.0877825624156;0.0579257963996
6.0;0.0;7.0;5.6;2.12;2.5;8;0.0;80.0;920 ;280.0;80.0;360.0;270.0;370.0;0.73;0.0;ARGISSOLO;0.154144328582;0.151901622534;0.121247412478;0.0677870429635;0.0639117777;0.0564208523217;0.0677870429635;0.0639117777;0.0564208523217;0.0911803978788;0.0877825624156;0.0579257963996
0.0;0.0;7.0;5.8;2.02;13.8;7;0.0;40.0;960 ;310.0;110.0;420.0;300.0;280.0;1.07;140.0;ARGISSOLO;0.154144328582;0.151901622534;0.121247412478;0.0677870429635;0.0639117777;0.0564208523217;0.0677870429635;0.0639117777;0.0564208523217;0.0911803978788;0.0877825624156;0.0579257963996
4.0;0.0;7.0;7.4;2.44;23.4;13;0.0;10.0;990 ;450.0;110.0;560.0;270.0;170.0;1.59;100.0;PLINTOSSOLO;0.154144328582;0.151901622534;0.121247412478;0.0677870429635;0.0639117777;0.0564208523217;0.0677870429635;0.0639117777;0.0564208523217;0.0911803978788;0.0877825624156;0.0579257963996
10.0;0.0;8.0;6.8;1.96;1.7;1;0.0;0.0;1000 ;80.0;320.0;400.0;30.0;570.0;0.05;0.0;LATOSSOLO;0.154144328582;0.151901622534;0.121247412478;0.0677870429635;0.0639117777;0.0564208523217;0.0677870429635;0.0639117777;0.0564208523217;0.0911803978788;0.0877825624156;0.0579257963996
8.0;0.0;8.0;7.9;2.13;23.7;0;0.0;10.0;990 ;70.0;90.0;160.0;230.0;610.0;0.38;510.0;NITOSSOLO;0.154144328582;0.151901622534;0.121247412478;0.0677870429635;0.0639117777;0.0564208523217;0.0677870429635;0.0639117777;0.0564208523217;0.0911803978788;0.0877825624156;0.0579257963996
8.0;0.0;8.0;7.3;1.98;4.5;0;0.0;0.0;1000 ;60.0;60.0;120.0;160.0;720.0;0.22;0.0;NITOSSOLO;0.154144328582;0.151901622534;0.121247412478;0.0677870429635;0.0639117777;0.0564208523217;0.0677870429635;0.0639117777;0.0564208523217;0.0911803978788;0.0877825624156;0.0579257963996
8.0;0.0;8.0;7.3;2.03;6.8;1;0.0;20.0;980 ;90.0;290.0;380.0;110.0;510.0;0.22;440.0;NITOSSOLO;0.154144328582;0.151901622534;0.121247412478;0.0677870429635;0.0639117777;0.0564208523217;0.0677870429635;0.0639117777;0.0564208523217;0.0911803978788;0.0877825624156;0.0579257963996
8.0;1.0;8.0;6.3;3.03;17.6;13;0.0;20.0;980 ;280.0;340.0;620.0;200.0;180.0;1.11;130.0;LUVISSOLO;0.154144328582;0.151901622534;0.121247412478;0.0677870429635;0.0639117777;0.0564208523217;0.0677870429635;0.0639117777;0.0564208523217;0.0911803978788;0.0877825624156;0.0579257963996
8.0;0.0;7.0;5.4;1.94;16.5;1;0.0;30.0;970 ;80.0;340.0;420.0;130.0;450.0;0.29;360.0;ARGISSOLO;0.154144328582;0.151901622534;0.121247412478;0.0677870429635;0.0639117777;0.0564208523217;0.0677870429635;0.0639117777;0.0564208523217;0.0911803978788;0.0877825624156;0.0579257963996
8.0;0.0;1.0;4.8;1.49;19.5;9;0.0;10.0;990 ;130.0;490.0;620.0;130.0;250.0;0.52;190.0;ARGISSOLO;0.154144328582;0.151901622534;0.121247412478;0.0677870429635;0.0639117777;0.0564208523217;0.0677870429635;0.0639117777;0.0564208523217;0.0911803978788;0.0877825624156;0.0579257963996
8.0;0.0;4.0;5.5;1.46;13.4;4;0.0;40.0;960 ;60.0;440.0;500.0;140.0;360.0;0.39;340.0;ARGISSOLO;0.154144328582;0.151901622534;0.121247412478;0.0677870429635;0.0639117777;0.0564208523217;0.0677870429635;0.0639117777;0.0564208523217;0.0911803978788;0.0877825624156;0.0579257963996
4.0;0.0;1.0;4.8;2.36;11.0;13;0.0;0.0;1000 ;750.0;40.0;790.0;90.0;120.0;0.75;40.0;PLINTOSSOLO;0.154144328582;0.151901622534;0.121247412478;0.0677870429635;0.0639117777;0.0564208523217;0.0677870429635;0.0639117777;0.0564208523217;0.0911803978788;0.0877825624156;0.0579257963996
6.0;0.0;7.0;5.3;2.52;9.7;10;0.0;80.0;920 ;340.0;270.0;610.0;190.0;200.0;0.95;170.0;ARGISSOLO;0.154144328582;0.151901622534;0.121247412478;0.0677870429635;0.0639117777;0.0564208523217;0.0677870429635;0.0639117777;0.0564208523217;0.0911803978788;0.0877825624156;0.0579257963996
4.0;1.0;8.0;6.7;4.52;3.0;15;0.0;20.0;980 ;490.0;260.0;750.0;190.0;60.0;3.17;2.0;PLANOSSOLO;0.154144328582;0.151901622534;0.121247412478;0.0677870429635;0.0639117777;0.0564208523217;0.0677870429635;0.0639117777;0.0564208523217;0.0911803978788;0.0877825624156;0.0579257963996
4.0;1.0;8.0;6.0;4.87;8.8;15;0.0;10.0;990 ;510.0;220.0;730.0;210.0;60.0;3.5;3.0;PLANOSSOLO;0.154144328582;0.151901622534;0.121247412478;0.0677870429635;0.0639117777;0.0564208523217;0.0677870429635;0.0639117777;0.0564208523217;0.0911803978788;0.0877825624156;0.0579257963996
8.0;1.0;5.0;6.8;3.85;16.2;7;0.0;50.0;950 ;230.0;170.0;400.0;230.0;370.0;0.62;170.0;NEOSSOLO;0.154144328582;0.151901622534;0.121247412478;0.0677870429635;0.0639117777;0.0564208523217;0.0677870429635;0.0639117777;0.0564208523217;0.0911803978788;0.0877825624156;0.0579257963996
6.0;0.0;4.0;5.4;2.06;9.4;13;0.0;40.0;960 ;130.0;630.0;760.0;70.0;170.0;0.41;130.0;ARGISSOLO;0.154144328582;0.151901622534;0.121247412478;0.0677870429635;0.0639117777;0.0564208523217;0.0677870429635;0.0639117777;0.0564208523217;0.0911803978788;0.0877825624156;0.0579257963996
8.0;0.0;1.0;6.0;2.41;13.5;13;0.0;40.0;960 ;170.0;590.0;760.0;80.0;160.0;0.5;120.0;ARGISSOLO;0.154144328582;0.151901622534;0.121247412478;0.0677870429635;0.0639117777;0.0564208523217;0.0677870429635;0.0639117777;0.0564208523217;0.0911803978788;0.0877825624156;0.0579257963996
8.0;0.0;1.0;4.8;2.18;16.9;9;0.0;50.0;950 ;120.0;550.0;670.0;110.0;220.0;0.5;200.0;ARGISSOLO;0.154144328582;0.151901622534;0.121247412478;0.0677870429635;0.0639117777;0.0564208523217;0.0677870429635;0.0639117777;0.0564208523217;0.0911803978788;0.0877825624156;0.0579257963996
8.0;0.0;1.0;4.6;2.26;7.5;9;0.0;70.0;930 ;131.0;450.0;581.0;120.0;240.0;0.5;220.0;ARGISSOLO;0.154144328582;0.151901622534;0.121247412478;0.0677870429635;0.0639117777;0.0564208523217;0.0677870429635;0.0639117777;0.0564208523217;0.0911803978788;0.0877825624156;0.0579257963996
8.0;0.0;1.0;5.6;2.4;13.1;13;0.0;10.0;990 ;140.0;600.0;740.0;70.0;190.0;0.37;110.0;ARGISSOLO;0.154144328582;0.151901622534;0.121247412478;0.0677870429635;0.0639117777;0.0564208523217;0.0677870429635;0.0639117777;0.0564208523217;0.0911803978788;0.0877825624156;0.0579257963996
8.0;0.0;1.0;5.0;2.16;6.3;9;0.0;70.0;930 ;160.0;530.0;690.0;150.0;210.0;0.71;160.0;ARGISSOLO;0.154144328582;0.151901622534;0.121247412478;0.0677870429635;0.0639117777;0.0564208523217;0.0677870429635;0.0639117777;0.0564208523217;0.0911803978788;0.0877825624156;0.0579257963996
7.0;0.0;5.0;5.8;2.42;6.8;13;0.0;40.0;960 ;250.0;540.0;790.0;90.0;120.0;0.75;80.0;ARGISSOLO;0.154144328582;0.151901622534;0.121247412478;0.0677870429635;0.0639117777;0.0564208523217;0.0677870429635;0.0639117777;0.0564208523217;0.0911803978788;0.0877825624156;0.0579257963996
8.0;0.0;4.0;5.1;2.19;16.9;9;0.0;40.0;960 ;110.0;520.0;630.0;140.0;230.0;0.61;190.0;ARGISSOLO;0.154144328582;0.151901622534;0.121247412478;0.0677870429635;0.0639117777;0.0564208523217;0.0677870429635;0.0639117777;0.0564208523217;0.0911803978788;0.0877825624156;0.0579257963996
8.0;0.0;1.0;4.9;1.8;7.7;1;0.0;10.0;990 ;200.0;210.0;410.0;150.0;440.0;0.34;400.0;ARGISSOLO;0.154144328582;0.151901622534;0.121247412478;0.0677870429635;0.0639117777;0.0564208523217;0.0677870429635;0.0639117777;0.0564208523217;0.0911803978788;0.0877825624156;0.0579257963996
10.0;0.0;1.0;4.4;1.04;18.8;1;0.0;0.0;1000 ;160.0;190.0;350.0;110.0;540.0;0.2;430.0;LATOSSOLO;0.154144328582;0.151901622534;0.121247412478;0.0677870429635;0.0639117777;0.0564208523217;0.0677870429635;0.0639117777;0.0564208523217;0.0911803978788;0.0877825624156;0.0579257963996
10.0;0.0;1.0;4.7;1.01;11.6;1;0.0;0.0;1000 ;170.0;170.0;340.0;100.0;560.0;0.18;470.0;LATOSSOLO;0.154144328582;0.151901622534;0.121247412478;0.0677870429635;0.0639117777;0.0564208523217;0.0677870429635;0.0639117777;0.0564208523217;0.0911803978788;0.0877825624156;0.0579257963996
8.0;0.0;1.0;4.2;1.61;13.5;1;0.0;10.0;990 ;100.0;260.0;360.0;90.0;550.0;0.16;130.0;LATOSSOLO;0.154144328582;0.151901622534;0.121247412478;0.0677870429635;0.0639117777;0.0564208523217;0.0677870429635;0.0639117777;0.0564208523217;0.0911803978788;0.0877825624156;0.0579257963996
8.0;0.0;1.0;4.4;1.54;10.0;1;0.0;10.0;990 ;100.0;240.0;340.0;90.0;570.0;0.16;0.0;LATOSSOLO;0.154144328582;0.151901622534;0.121247412478;0.0677870429635;0.0639117777;0.0564208523217;0.0677870429635;0.0639117777;0.0564208523217;0.0911803978788;0.0877825624156;0.0579257963996
9.0;0.0;1.0;4.5;1.58;16.3;1;0.0;0.0;1000 ;150.0;220.0;370.0;80.0;550.0;0.15;360.0;LATOSSOLO;0.154144328582;0.151901622534;0.121247412478;0.0677870429635;0.0639117777;0.0564208523217;0.0677870429635;0.0639117777;0.0564208523217;0.0911803978788;0.0877825624156;0.0579257963996
9.0;0.0;1.0;4.6;1.58;10.0;1;0.0;0.0;1000 ;140.0;190.0;330.0;80.0;590.0;0.14;270.0;LATOSSOLO;0.154144328582;0.151901622534;0.121247412478;0.0677870429635;0.0639117777;0.0564208523217;0.0677870429635;0.0639117777;0.0564208523217;0.0911803978788;0.0877825624156;0.0579257963996
8.0;0.0;1.0;4.8;1.67;17.9;0;0.0;0.0;1000 ;80.0;210.0;290.0;80.0;630.0;0.13;480.0;LATOSSOLO;0.154144328582;0.151901622534;0.121247412478;0.0677870429635;0.0639117777;0.0564208523217;0.0677870429635;0.0639117777;0.0564208523217;0.0911803978788;0.0877825624156;0.0579257963996
8.0;0.0;1.0;4.6;1.64;12.2;0;0.0;0.0;1000 ;80.0;200.0;280.0;80.0;640.0;0.13;120.0;LATOSSOLO;0.154144328582;0.151901622534;0.121247412478;0.0677870429635;0.0639117777;0.0564208523217;0.0677870429635;0.0639117777;0.0564208523217;0.0911803978788;0.0877825624156;0.0579257963996
7.0;0.0;1.0;4.9;1.99;10.5;9;0.0;20.0;980 ;220.0;420.0;640.0;90.0;270.0;0.33;160.0;ARGISSOLO;0.154144328582;0.151901622534;0.121247412478;0.0677870429635;0.0639117777;0.0564208523217;0.0677870429635;0.0639117777;0.0564208523217;0.0911803978788;0.0877825624156;0.0579257963996
7.0;0.0;1.0;4.7;2.09;8.2;9;0.0;30.0;970 ;150.0;440.0;590.0;110.0;300.0;0.37;230.0;ARGISSOLO;0.154144328582;0.151901622534;0.121247412478;0.0677870429635;0.0639117777;0.0564208523217;0.0677870429635;0.0639117777;0.0564208523217;0.0911803978788;0.0877825624156;0.0579257963996
8.0;0.0;7.0;7.6;2.17;17.4;1;0.0;0.0;1000 ;140.0;130.0;270.0;280.0;450.0;0.62;380.0;ARGISSOLO;0.154144328582;0.151901622534;0.121247412478;0.0677870429635;0.0639117777;0.0564208523217;0.0677870429635;0.0639117777;0.0564208523217;0.0911803978788;0.0877825624156;0.0579257963996
8.0;0.0;7.0;7.0;2.13;15.8;1;0.0;0.0;1000 ;130.0;140.0;270.0;240.0;490.0;0.49;390.0;ARGISSOLO;0.154144328582;0.151901622534;0.121247412478;0.0677870429635;0.0639117777;0.0564208523217;0.0677870429635;0.0639117777;0.0564208523217;0.0911803978788;0.0877825624156;0.0579257963996
6.0;0.0;7.0;5.6;2.33;16.2;9;0.0;30.0;970 ;260.0;350.0;610.0;160.0;230.0;0.7;180.0;ARGISSOLO;0.154144328582;0.151901622534;0.121247412478;0.0677870429635;0.0639117777;0.0564208523217;0.0677870429635;0.0639117777;0.0564208523217;0.0911803978788;0.0877825624156;0.0579257963996
6.0;0.0;7.0;5.3;2.06;9.4;4;0.0;10.0;990 ;220.0;270.0;490.0;160.0;350.0;0.46;300.0;ARGISSOLO;0.154144328582;0.151901622534;0.121247412478;0.0677870429635;0.0639117777;0.0564208523217;0.0677870429635;0.0639117777;0.0564208523217;0.0911803978788;0.0877825624156;0.0579257963996
8.0;0.0;7.0;5.1;2.07;10.7;9;0.0;10.0;990 ;160.0;410.0;570.0;130.0;300.0;0.43;200.0;ARGISSOLO;0.154144328582;0.151901622534;0.121247412478;0.0677870429635;0.0639117777;0.0564208523217;0.0677870429635;0.0639117777;0.0564208523217;0.0911803978788;0.0877825624156;0.0579257963996
8.0;1.0;7.0;5.8;2.15;16.3;7;0.0;0.0;1000 ;170.0;230.0;400.0;330.0;270.0;1.22;230.0;LUVISSOLO;0.154144328582;0.151901622534;0.121247412478;0.0677870429635;0.0639117777;0.0564208523217;0.0677870429635;0.0639117777;0.0564208523217;0.0911803978788;0.0877825624156;0.0579257963996
8.0;1.0;7.0;6.4;2.0;8.0;7;0.0;10.0;990 ;160.0;190.0;350.0;310.0;340.0;0.91;290.0;LUVISSOLO;0.154144328582;0.151901622534;0.121247412478;0.0677870429635;0.0639117777;0.0564208523217;0.0677870429635;0.0639117777;0.0564208523217;0.0911803978788;0.0877825624156;0.0579257963996
7.0;0.0;1.0;4.4;2.32;11.3;9;0.0;0.0;1000 ;220.0;340.0;560.0;140.0;300.0;0.47;240.0;ARGISSOLO;0.154144328582;0.151901622534;0.121247412478;0.0677870429635;0.0639117777;0.0564208523217;0.0677870429635;0.0639117777;0.0564208523217;0.0911803978788;0.0877825624156;0.0579257963996
4.0;0.0;1.0;5.0;2.33;4.4;15;0.0;20.0;980 ;310.0;530.0;840.0;70.0;90.0;0.78;60.0;ARGISSOLO;0.154144328582;0.151901622534;0.121247412478;0.0677870429635;0.0639117777;0.0564208523217;0.0677870429635;0.0639117777;0.0564208523217;0.0911803978788;0.0877825624156;0.0579257963996
6.0;0.0;7.0;5.7;2.1;9.2;15;0.0;0.0;1000 ;120.0;690.0;810.0;80.0;110.0;0.73;80.0;ARGISSOLO;0.154144328582;0.151901622534;0.121247412478;0.0677870429635;0.0639117777;0.0564208523217;0.0677870429635;0.0639117777;0.0564208523217;0.0911803978788;0.0877825624156;0.0579257963996
4.0;0.0;1.0;4.9;2.24;6.8;15;0.0;0.0;1000 ;106.0;733.0;839.0;100.0;61.0;1.64;23.0;PLANOSSOLO;0.154144328582;0.151901622534;0.121247412478;0.0677870429635;0.0639117777;0.0564208523217;0.0677870429635;0.0639117777;0.0564208523217;0.0911803978788;0.0877825624156;0.0579257963996
4.0;0.0;1.0;4.7;2.21;6.7;13;0.0;0.0;1000 ;186.0;566.0;752.0;156.0;92.0;1.7;36.0;PLANOSSOLO;0.154144328582;0.151901622534;0.121247412478;0.0677870429635;0.0639117777;0.0564208523217;0.0677870429635;0.0639117777;0.0564208523217;0.0911803978788;0.0877825624156;0.0579257963996
4.0;0.0;1.0;4.7;2.49;2.6;13;0.0;0.0;1000 ;173.0;598.0;771.0;132.0;97.0;1.36;41.0;PLANOSSOLO;0.154144328582;0.151901622534;0.121247412478;0.0677870429635;0.0639117777;0.0564208523217;0.0677870429635;0.0639117777;0.0564208523217;0.0911803978788;0.0877825624156;0.0579257963996
2.0;0.0;1.0;4.8;2.23;18.3;0;0.0;0.0;1000 ;20.0;30.0;50.0;310.0;640.0;0.48;590.0;GLEISSOLO;0.154144328582;0.151901622534;0.121247412478;0.0677870429635;0.0639117777;0.0564208523217;0.0677870429635;0.0639117777;0.0564208523217;0.0911803978788;0.0877825624156;0.0579257963996
2.0;1.0;7.0;4.9;2.24;22.4;1;0.0;0.0;1000 ;30.0;60.0;90.0;350.0;560.0;0.63;450.0;GLEISSOLO;0.154144328582;0.151901622534;0.121247412478;0.0677870429635;0.0639117777;0.0564208523217;0.0677870429635;0.0639117777;0.0564208523217;0.0911803978788;0.0877825624156;0.0579257963996
2.0;1.0;7.0;4.6;3.19;24.4;1;0.0;0.0;1000 ;160.0;30.0;190.0;310.0;500.0;0.62;410.0;GLEISSOLO;0.154144328582;0.151901622534;0.121247412478;0.0677870429635;0.0639117777;0.0564208523217;0.0677870429635;0.0639117777;0.0564208523217;0.0911803978788;0.0877825624156;0.0579257963996
0.0;1.0;7.0;5.2;2.59;9.9;1;0.0;0.0;1000 ;33.0;121.0;154.0;113.0;733.0;0.15;598.0;GLEISSOLO;0.154144328582;0.151901622534;0.121247412478;0.0677870429635;0.0639117777;0.0564208523217;0.0677870429635;0.0639117777;0.0564208523217;0.0911803978788;0.0877825624156;0.0579257963996
8.0;1.0;7.0;6.8;3.85;46.2;7;0.0;50.0;950 ;170.0;230.0;400.0;230.0;370.0;0.62;170.0;NEOSSOLO;0.154144328582;0.151901622534;0.121247412478;0.0677870429635;0.0639117777;0.0564208523217;0.0677870429635;0.0639117777;0.0564208523217;0.0911803978788;0.0877825624156;0.0579257963996
8.0;0.0;1.0;6.0;2.41;13.5;13;0.0;40.0;960 ;170.0;590.0;760.0;80.0;160.0;0.5;120.0;ARGISSOLO;0.154144328582;0.151901622534;0.121247412478;0.0677870429635;0.0639117777;0.0564208523217;0.0677870429635;0.0639117777;0.0564208523217;0.0911803978788;0.0877825624156;0.0579257963996
8.0;0.0;4.0;5.8;2.0;16.9;9;0.0;50.0;950 ;120.0;550.0;670.0;110.0;220.0;0.5;200.0;ARGISSOLO;0.154144328582;0.151901622534;0.121247412478;0.0677870429635;0.0639117777;0.0564208523217;0.0677870429635;0.0639117777;0.0564208523217;0.0911803978788;0.0877825624156;0.0579257963996
8.0;0.0;7.0;4.8;2.98;9.9;13;0.0;60.0;940 ;190.0;510.0;700.0;130.0;170.0;0.76;80.0;ARGISSOLO;0.154144328582;0.151901622534;0.121247412478;0.0677870429635;0.0639117777;0.0564208523217;0.0677870429635;0.0639117777;0.0564208523217;0.0911803978788;0.0877825624156;0.0579257963996
4.0;1.0;7.0;6.0;0.49;8.8;15;0.0;10.0;990 ;220.0;510.0;730.0;210.0;60.0;3.5;3.0;ARGISSOLO;0.154144328582;0.151901622534;0.121247412478;0.0677870429635;0.0639117777;0.0564208523217;0.0677870429635;0.0639117777;0.0564208523217;0.0911803978788;0.0877825624156;0.0579257963996
8.0;0.0;7.0;7.7;2.37;34.7;1;0.0;20.0;980 ;100.0;160.0;260.0;250.0;490.0;0.51;430.0;ARGISSOLO;0.154144328582;0.151901622534;0.121247412478;0.0677870429635;0.0639117777;0.0564208523217;0.0677870429635;0.0639117777;0.0564208523217;0.0911803978788;0.0877825624156;0.0579257963996
8.0;0.0;7.0;5.7;2.47;11.9;13;0.0;0.0;1000 ;480.0;210.0;690.0;180.0;130.0;1.38;100.0;NEOSSOLO;0.154144328582;0.151901622534;0.121247412478;0.0677870429635;0.0639117777;0.0564208523217;0.0677870429635;0.0639117777;0.0564208523217;0.0911803978788;0.0877825624156;0.0579257963996
8.0;0.0;1.0;4.0;2.39;40.7;3;0.0;0.0;1000 ;10.0;10.0;20.0;400.0;580.0;0.69;110.0;GLEISSOLO;0.154144328582;0.151901622534;0.121247412478;0.0677870429635;0.0639117777;0.0564208523217;0.0677870429635;0.0639117777;0.0564208523217;0.0911803978788;0.0877825624156;0.0579257963996
8.0;0.0;4.0;4.8;1.98;7.5;9;0.0;30.0;970 ;220.0;340.0;560.0;140.0;300.0;0.47;300.0;ARGISSOLO;0.154144328582;0.151901622534;0.121247412478;0.0677870429635;0.0639117777;0.0564208523217;0.0677870429635;0.0639117777;0.0564208523217;0.0911803978788;0.0877825624156;0.0579257963996
8.0;0.0;4.0;4.9;2.02;9.0;9;0.0;10.0;990 ;170.0;350.0;520.0;110.0;370.0;0.3;260.0;ARGISSOLO;0.154144328582;0.151901622534;0.121247412478;0.0677870429635;0.0639117777;0.0564208523217;0.0677870429635;0.0639117777;0.0564208523217;0.0911803978788;0.0877825624156;0.0579257963996
8.0;0.0;4.0;4.7;2.12;8.3;4;0.0;10.0;990 ;140.0;350.0;490.0;110.0;400.0;0.28;370.0;ARGISSOLO;0.154144328582;0.151901622534;0.121247412478;0.0677870429635;0.0639117777;0.0564208523217;0.0677870429635;0.0639117777;0.0564208523217;0.0911803978788;0.0877825624156;0.0579257963996
8.0;0.0;7.0;5.1;2.5;5.3;13;0.0;10.0;990 ;190.0;460.0;650.0;220.0;130.0;1.69;110.0;ARGISSOLO;0.154144328582;0.151901622534;0.121247412478;0.0677870429635;0.0639117777;0.0564208523217;0.0677870429635;0.0639117777;0.0564208523217;0.0911803978788;0.0877825624156;0.0579257963996
8.0;0.0;7.0;5.7;2.03;11.9;4;0.0;0.0;1000 ;120.0;350.0;470.0;160.0;370.0;0.43;360.0;NITOSSOLO;0.154144328582;0.151901622534;0.121247412478;0.0677870429635;0.0639117777;0.0564208523217;0.0677870429635;0.0639117777;0.0564208523217;0.0911803978788;0.0877825624156;0.0579257963996
7.0;0.0;1.0;5.0;2.85;10.5;1;0.0;0.0;1000 ;40.0;30.0;70.0;500.0;430.0;1.16;320.0;ARGISSOLO;0.154144328582;0.151901622534;0.121247412478;0.0677870429635;0.0639117777;0.0564208523217;0.0677870429635;0.0639117777;0.0564208523217;0.0911803978788;0.0877825624156;0.0579257963996
4.0;0.0;4.0;5.6;2.21;9.2;1;0.0;10.0;990 ;110.0;30.0;140.0;270.0;590.0;0.46;430.0;NEOSSOLO;0.154144328582;0.151901622534;0.121247412478;0.0677870429635;0.0639117777;0.0564208523217;0.0677870429635;0.0639117777;0.0564208523217;0.0911803978788;0.0877825624156;0.0579257963996
8.0;0.0;7.0;5.9;1.78;28.7;11;80.0;430.0;490 ;160.0;360.0;520.0;220.0;260.0;0.85;150.0;ARGISSOLO;0.154144328582;0.151901622534;0.121247412478;0.0677870429635;0.0639117777;0.0564208523217;0.0677870429635;0.0639117777;0.0564208523217;0.0911803978788;0.0877825624156;0.0579257963996
6.0;0.0;1.0;4.8;1.87;12.0;5;0.0;140.0;860 ;250.0;200.0;450.0;190.0;360.0;0.53;280.0;CAMBISSOLO;0.154144328582;0.151901622534;0.121247412478;0.0677870429635;0.0639117777;0.0564208523217;0.0677870429635;0.0639117777;0.0564208523217;0.0911803978788;0.0877825624156;0.0579257963996
6.0;0.0;2.0;5.8;2.14;18.1;12;0.0;100.0;900 ;370.0;140.0;510.0;280.0;210.0;1.33;160.0;CAMBISSOLO;0.154144328582;0.151901622534;0.121247412478;0.0677870429635;0.0639117777;0.0564208523217;0.0677870429635;0.0639117777;0.0564208523217;0.0911803978788;0.0877825624156;0.0579257963996
12.0;0.0;1.0;4.5;2.63;10.8;6;0.0;180.0;820 ;330.0;450.0;780.0;100.0;120.0;0.83;60.0;NEOSSOLO;0.154144328582;0.151901622534;0.121247412478;0.0677870429635;0.0639117777;0.0564208523217;0.0677870429635;0.0639117777;0.0564208523217;0.0911803978788;0.0877825624156;0.0579257963996
